<metadata xml:lang="es"><Esri><CreaDate>20240502</CreaDate><CreaTime>08095700</CreaTime><ArcGISFormat>1.0</ArcGISFormat><SyncOnce>FALSE</SyncOnce><DataProperties><itemProps><itemName Sync="TRUE">camaras_cctv_movilidad_si</itemName><imsContentType Sync="TRUE">002</imsContentType><itemLocation><linkage Sync="TRUE">file://\\argos01\publicacion\ServiciosPlaneacion\temporal_planeacion\ws_opendata\OD287_7757\ShapeFile\camaras_cctv_movilidad_si.shp</linkage><protocol Sync="TRUE">Local Area Network</protocol></itemLocation><itemSize Sync="TRUE">0.000</itemSize></itemProps><coordRef><type Sync="TRUE">Projected</type><geogcsn Sync="TRUE">GCS_MAGNA</geogcsn><csUnits Sync="TRUE">Linear Unit: Meter (1.000000)</csUnits><projcsn Sync="TRUE">MAGNA-SIRGAS_Origen-Nacional</projcsn><peXml Sync="TRUE">&lt;ProjectedCoordinateSystem xsi:type='typens:ProjectedCoordinateSystem' xmlns:xsi='http://www.w3.org/2001/XMLSchema-instance' xmlns:xs='http://www.w3.org/2001/XMLSchema' xmlns:typens='http://www.esri.com/schemas/ArcGIS/3.0.0'&gt;&lt;WKT&gt;PROJCS[&amp;quot;MAGNA-SIRGAS_Origen-Nacional&amp;quot;,GEOGCS[&amp;quot;GCS_MAGNA&amp;quot;,DATUM[&amp;quot;D_MAGNA&amp;quot;,SPHEROID[&amp;quot;GRS_1980&amp;quot;,6378137.0,298.257222101]],PRIMEM[&amp;quot;Greenwich&amp;quot;,0.0],UNIT[&amp;quot;Degree&amp;quot;,0.0174532925199433]],PROJECTION[&amp;quot;Transverse_Mercator&amp;quot;],PARAMETER[&amp;quot;False_Easting&amp;quot;,5000000.0],PARAMETER[&amp;quot;False_Northing&amp;quot;,2000000.0],PARAMETER[&amp;quot;Central_Meridian&amp;quot;,-73.0],PARAMETER[&amp;quot;Scale_Factor&amp;quot;,0.9992],PARAMETER[&amp;quot;Latitude_Of_Origin&amp;quot;,4.0],UNIT[&amp;quot;Meter&amp;quot;,1.0],AUTHORITY[&amp;quot;EPSG&amp;quot;,9377]]&lt;/WKT&gt;&lt;XOrigin&gt;-618700&lt;/XOrigin&gt;&lt;YOrigin&gt;-8436100&lt;/YOrigin&gt;&lt;XYScale&gt;450623577.52990448&lt;/XYScale&gt;&lt;ZOrigin&gt;-100000&lt;/ZOrigin&gt;&lt;ZScale&gt;10000&lt;/ZScale&gt;&lt;MOrigin&gt;-100000&lt;/MOrigin&gt;&lt;MScale&gt;10000&lt;/MScale&gt;&lt;XYTolerance&gt;0.001&lt;/XYTolerance&gt;&lt;ZTolerance&gt;0.001&lt;/ZTolerance&gt;&lt;MTolerance&gt;0.001&lt;/MTolerance&gt;&lt;HighPrecision&gt;true&lt;/HighPrecision&gt;&lt;WKID&gt;9377&lt;/WKID&gt;&lt;LatestWKID&gt;9377&lt;/LatestWKID&gt;&lt;/ProjectedCoordinateSystem&gt;</peXml></coordRef><lineage><Process ToolSource="c:\program files\arcgis\pro\Resources\ArcToolbox\toolboxes\Data Management Tools.tbx\Merge" Date="20240502" Time="080957">Merge C:\Users\SERVIC~1.GIS\AppData\Local\Temp\mxADB8C388FAB64F438A9F6DC62DB4621C.gdb\ScratchRecordSet \\argos01\publicacion\ServiciosPlaneacion\temporal_planeacion\ws_opendata\OD287_7757\temp.gdb\camaras_cctv_movilidad_si "direccion "Direccion" true true false 50 Text 0 0,First,#,C:\Users\SERVIC~1.GIS\AppData\Local\Temp\mxADB8C388FAB64F438A9F6DC62DB4621C.gdb\ScratchRecordSet,direccion,0,50;localizacion "Localizacion" true true false 50 Text 0 0,First,#,C:\Users\SERVIC~1.GIS\AppData\Local\Temp\mxADB8C388FAB64F438A9F6DC62DB4621C.gdb\ScratchRecordSet,localizacion,0,50;link_foto "LINK_FOTO" true true false 1000 Text 0 0,First,#,C:\Users\SERVIC~1.GIS\AppData\Local\Temp\mxADB8C388FAB64F438A9F6DC62DB4621C.gdb\ScratchRecordSet,link_foto,0,1000;link_detalle "LINK_DETALLE" true true false 500 Text 0 0,First,#,C:\Users\SERVIC~1.GIS\AppData\Local\Temp\mxADB8C388FAB64F438A9F6DC62DB4621C.gdb\ScratchRecordSet,link_detalle,0,500;longitud "LONGITUD" true true false 8 Double 0 0,First,#,C:\Users\SERVIC~1.GIS\AppData\Local\Temp\mxADB8C388FAB64F438A9F6DC62DB4621C.gdb\ScratchRecordSet,longitud,-1,-1;latitud "LATITUD" true true false 8 Double 0 0,First,#,C:\Users\SERVIC~1.GIS\AppData\Local\Temp\mxADB8C388FAB64F438A9F6DC62DB4621C.gdb\ScratchRecordSet,latitud,-1,-1;x_origen_nacional "x_origen_nacional" true true false 8 Double 0 0,First,#,C:\Users\SERVIC~1.GIS\AppData\Local\Temp\mxADB8C388FAB64F438A9F6DC62DB4621C.gdb\ScratchRecordSet,x_origen_nacional,-1,-1;y_origen_nacional "y_origen_nacional" true true false 8 Double 0 0,First,#,C:\Users\SERVIC~1.GIS\AppData\Local\Temp\mxADB8C388FAB64F438A9F6DC62DB4621C.gdb\ScratchRecordSet,y_origen_nacional,-1,-1" NO_SOURCE_INFO</Process><Process ToolSource="c:\program files\arcgis\pro\Resources\ArcToolbox\toolboxes\Data Management Tools.tbx\CopyFeatures" Date="20240502" Time="081005">CopyFeatures camaras_cctv_movilidad_si \\argos01\publicacion\ServiciosPlaneacion\temporal_planeacion\ws_opendata\OD287_7757\ShapeFile\camaras_cctv_movilidad_si.shp # # # #</Process></lineage></DataProperties><SyncDate>20240502</SyncDate><SyncTime>08100500</SyncTime><ModDate>20240502</ModDate><ModTime>08100500</ModTime></Esri><dataIdInfo><envirDesc Sync="TRUE">Microsoft Windows Server 2016 Technical Preview Version 10.0 (Build 17763) ; Esri ArcGIS 13.0.0.36056</envirDesc><dataLang><languageCode value="spa" Sync="TRUE"></languageCode><countryCode value="COL" Sync="TRUE"></countryCode></dataLang><idCitation><resTitle Sync="TRUE">camaras_cctv_movilidad_si</resTitle><presForm><PresFormCd value="005" Sync="TRUE"></PresFormCd></presForm></idCitation><spatRpType><SpatRepTypCd value="001" Sync="TRUE"></SpatRepTypCd></spatRpType></dataIdInfo><mdLang><languageCode value="spa" Sync="TRUE"></languageCode><countryCode value="COL" Sync="TRUE"></countryCode></mdLang><distInfo><distFormat><formatName Sync="TRUE">Shapefile</formatName></distFormat><distTranOps><transSize Sync="TRUE">0.000</transSize></distTranOps></distInfo><mdHrLv><ScopeCd value="005" Sync="TRUE"></ScopeCd></mdHrLv><mdHrLvName Sync="TRUE">dataset</mdHrLvName><refSysInfo><RefSystem><refSysID><identCode code="9377" Sync="TRUE"></identCode><idCodeSpace Sync="TRUE">EPSG</idCodeSpace><idVersion Sync="TRUE">9.8.12(12.8.0)</idVersion></refSysID></RefSystem></refSysInfo><spatRepInfo><VectSpatRep><geometObjs Name="camaras_cctv_movilidad_si"><geoObjTyp><GeoObjTypCd value="004" Sync="TRUE"></GeoObjTypCd></geoObjTyp><geoObjCnt Sync="TRUE">0</geoObjCnt></geometObjs><topLvl><TopoLevCd value="001" Sync="TRUE"></TopoLevCd></topLvl></VectSpatRep></spatRepInfo><spdoinfo><ptvctinf><esriterm Name="camaras_cctv_movilidad_si"><efeatyp Sync="TRUE">Simple</efeatyp><efeageom code="1" Sync="TRUE"></efeageom><esritopo Sync="TRUE">FALSE</esritopo><efeacnt Sync="TRUE">0</efeacnt><spindex Sync="TRUE">FALSE</spindex><linrefer Sync="TRUE">FALSE</linrefer></esriterm></ptvctinf></spdoinfo><eainfo><detailed Name="camaras_cctv_movilidad_si"><enttyp><enttypl Sync="TRUE">camaras_cctv_movilidad_si</enttypl><enttypt Sync="TRUE">Feature Class</enttypt><enttypc Sync="TRUE">0</enttypc></enttyp><attr><attrlabl Sync="TRUE">FID</attrlabl><attalias Sync="TRUE">FID</attalias><attrtype Sync="TRUE">OID</attrtype><attwidth Sync="TRUE">4</attwidth><atprecis Sync="TRUE">0</atprecis><attscale Sync="TRUE">0</attscale><attrdef Sync="TRUE">Internal feature number.</attrdef><attrdefs Sync="TRUE">Esri</attrdefs><attrdomv><udom Sync="TRUE">Sequential unique whole numbers that are automatically generated.</udom></attrdomv></attr><attr><attrlabl Sync="TRUE">Shape</attrlabl><attalias Sync="TRUE">Shape</attalias><attrtype Sync="TRUE">Geometry</attrtype><attwidth Sync="TRUE">0</attwidth><atprecis Sync="TRUE">0</atprecis><attscale Sync="TRUE">0</attscale><attrdef Sync="TRUE">Feature geometry.</attrdef><attrdefs Sync="TRUE">Esri</attrdefs><attrdomv><udom Sync="TRUE">Coordinates defining the features.</udom></attrdomv></attr><attr><attrlabl Sync="TRUE">direccion</attrlabl><attalias Sync="TRUE">direccion</attalias><attrtype Sync="TRUE">String</attrtype><attwidth Sync="TRUE">50</attwidth><atprecis Sync="TRUE">0</atprecis><attscale Sync="TRUE">0</attscale></attr><attr><attrlabl Sync="TRUE">localizaci</attrlabl><attalias Sync="TRUE">localizaci</attalias><attrtype Sync="TRUE">String</attrtype><attwidth Sync="TRUE">50</attwidth><atprecis Sync="TRUE">0</atprecis><attscale Sync="TRUE">0</attscale></attr><attr><attrlabl Sync="TRUE">link_foto</attrlabl><attalias Sync="TRUE">link_foto</attalias><attrtype Sync="TRUE">String</attrtype><attwidth Sync="TRUE">254</attwidth><atprecis Sync="TRUE">0</atprecis><attscale Sync="TRUE">0</attscale></attr><attr><attrlabl Sync="TRUE">link_detal</attrlabl><attalias Sync="TRUE">link_detal</attalias><attrtype Sync="TRUE">String</attrtype><attwidth Sync="TRUE">254</attwidth><atprecis Sync="TRUE">0</atprecis><attscale Sync="TRUE">0</attscale></attr><attr><attrlabl Sync="TRUE">longitud</attrlabl><attalias Sync="TRUE">longitud</attalias><attrtype Sync="TRUE">Double</attrtype><attwidth Sync="TRUE">19</attwidth><atprecis Sync="TRUE">0</atprecis><attscale Sync="TRUE">0</attscale></attr><attr><attrlabl Sync="TRUE">latitud</attrlabl><attalias Sync="TRUE">latitud</attalias><attrtype Sync="TRUE">Double</attrtype><attwidth Sync="TRUE">19</attwidth><atprecis Sync="TRUE">0</atprecis><attscale Sync="TRUE">0</attscale></attr><attr><attrlabl Sync="TRUE">x_origen_n</attrlabl><attalias Sync="TRUE">x_origen_n</attalias><attrtype Sync="TRUE">Double</attrtype><attwidth Sync="TRUE">19</attwidth><atprecis Sync="TRUE">0</atprecis><attscale Sync="TRUE">0</attscale></attr><attr><attrlabl Sync="TRUE">y_origen_n</attrlabl><attalias Sync="TRUE">y_origen_n</attalias><attrtype Sync="TRUE">Double</attrtype><attwidth Sync="TRUE">19</attwidth><atprecis Sync="TRUE">0</atprecis><attscale Sync="TRUE">0</attscale></attr></detailed></eainfo><mdDateSt Sync="TRUE">20240502</mdDateSt></metadata>
